technology_1,technology_2,parameter,timestep_2,value
wind_offshore,offshore_a,avaConv,d001,0.3400362713333333
wind_offshore,offshore_a,avaConv,d002,0.8484385781250001
wind_offshore,offshore_a,avaConv,d003,0.8266687312916666
wind_offshore,offshore_a,avaConv,d004,0.8347391315833336
wind_offshore,offshore_a,avaConv,d005,0.8199948331250001
wind_offshore,offshore_a,avaConv,d006,0.8218921720833334
wind_offshore,offshore_a,avaConv,d007,0.8388454785833335
wind_offshore,offshore_a,avaConv,d008,0.5997815902083334
wind_offshore,offshore_a,avaConv,d009,0.5907358480416667
wind_offshore,offshore_a,avaConv,d010,0.7816996215416666
wind_offshore,offshore_a,avaConv,d011,0.49399421250000003
wind_offshore,offshore_a,avaConv,d012,0.442667196375
wind_offshore,offshore_a,avaConv,d013,0.43283985170833333
wind_offshore,offshore_a,avaConv,d014,0.44810551575
wind_offshore,offshore_a,avaConv,d015,0.33169682725
wind_offshore,offshore_a,avaConv,d016,0.45322104341666664
wind_offshore,offshore_a,avaConv,d017,0.350570753375
wind_offshore,offshore_a,avaConv,d018,0.47907725912500004
wind_offshore,offshore_a,avaConv,d019,0.5797331799583333
wind_offshore,offshore_a,avaConv,d020,0.2736347961250001
wind_offshore,offshore_a,avaConv,d021,0.318159299875
wind_offshore,offshore_a,avaConv,d022,0.6860370204583334
wind_offshore,offshore_a,avaConv,d023,0.5746681609583332
wind_offshore,offshore_a,avaConv,d024,0.7733161333333335
wind_offshore,offshore_a,avaConv,d025,0.7676150310416666
wind_offshore,offshore_a,avaConv,d026,0.8215665438333333
wind_offshore,offshore_a,avaConv,d027,0.7708937314583335
wind_offshore,offshore_a,avaConv,d028,0.8427758069583332
wind_offshore,offshore_a,avaConv,d029,0.8337774503750001
wind_offshore,offshore_a,avaConv,d030,0.8471206432499999
wind_offshore,offshore_a,avaConv,d031,0.7677398808750001
wind_offshore,offshore_a,avaConv,d032,0.6834477767499999
wind_offshore,offshore_a,avaConv,d033,0.6886584265833333
wind_offshore,offshore_a,avaConv,d034,0.8203553935000002
wind_offshore,offshore_a,avaConv,d035,0.5541896145416666
wind_offshore,offshore_a,avaConv,d036,0.6801232744166664
wind_offshore,offshore_a,avaConv,d037,0.8393448233333333
wind_offshore,offshore_a,avaConv,d038,0.8553856805416666
wind_offshore,offshore_a,avaConv,d039,0.8486210356666666
wind_offshore,offshore_a,avaConv,d040,0.6415513022916666
wind_offshore,offshore_a,avaConv,d041,0.5434834584166667
wind_offshore,offshore_a,avaConv,d042,0.4558093462083334
wind_offshore,offshore_a,avaConv,d043,0.10839079508333337
wind_offshore,offshore_a,avaConv,d044,0.45041109645833344
wind_offshore,offshore_a,avaConv,d045,0.8546272547916668
wind_offshore,offshore_a,avaConv,d046,0.6065230971250001
wind_offshore,offshore_a,avaConv,d047,0.2606726054583333
wind_offshore,offshore_a,avaConv,d048,0.6368555985000001
wind_offshore,offshore_a,avaConv,d049,0.4263711251249998
wind_offshore,offshore_a,avaConv,d050,0.4455239550416666
wind_offshore,offshore_a,avaConv,d051,0.8755895788333333
wind_offshore,offshore_a,avaConv,d052,0.7548873122499998
wind_offshore,offshore_a,avaConv,d053,0.8461387001666667
wind_offshore,offshore_a,avaConv,d054,0.7953668570833332
wind_offshore,offshore_a,avaConv,d055,0.653996628625
wind_offshore,offshore_a,avaConv,d056,0.5317988268333331
wind_offshore,offshore_a,avaConv,d057,0.21598880445833338
wind_offshore,offshore_a,avaConv,d058,0.03847967466666667
wind_offshore,offshore_a,avaConv,d059,0.17799642345833336
wind_offshore,offshore_a,avaConv,d060,0.1568119182916667
wind_offshore,offshore_a,avaConv,d061,0.7095780980833334
wind_offshore,offshore_a,avaConv,d062,0.46514108520833347
wind_offshore,offshore_a,avaConv,d063,0.20415974454166672
wind_offshore,offshore_a,avaConv,d064,0.5674060676666667
wind_offshore,offshore_a,avaConv,d065,0.27247236329166674
wind_offshore,offshore_a,avaConv,d066,0.24423439079166667
wind_offshore,offshore_a,avaConv,d067,0.2107788966666667
wind_offshore,offshore_a,avaConv,d068,0.25232271183333327
wind_offshore,offshore_a,avaConv,d069,0.6007079073333333
wind_offshore,offshore_a,avaConv,d070,0.37126112770833336
wind_offshore,offshore_a,avaConv,d071,0.19910673370833334
wind_offshore,offshore_a,avaConv,d072,0.1494892876666667
wind_offshore,offshore_a,avaConv,d073,0.10079343691666666
wind_offshore,offshore_a,avaConv,d074,0.10539731725000002
wind_offshore,offshore_a,avaConv,d075,0.328433178375
wind_offshore,offshore_a,avaConv,d076,0.24020608999999996
wind_offshore,offshore_a,avaConv,d077,0.25620422533333337
wind_offshore,offshore_a,avaConv,d078,0.4975291333333333
wind_offshore,offshore_a,avaConv,d079,0.5766410331666667
wind_offshore,offshore_a,avaConv,d080,0.7248921004583334
wind_offshore,offshore_a,avaConv,d081,0.766611498375
wind_offshore,offshore_a,avaConv,d082,0.47503148095833314
wind_offshore,offshore_a,avaConv,d083,0.399907536125
wind_offshore,offshore_a,avaConv,d084,0.26246096808333336
wind_offshore,offshore_a,avaConv,d085,0.4011264130416667
wind_offshore,offshore_a,avaConv,d086,0.6461439635833334
wind_offshore,offshore_a,avaConv,d087,0.7730521454166666
wind_offshore,offshore_a,avaConv,d088,0.8204907557083332
wind_offshore,offshore_a,avaConv,d089,0.6382653891250001
wind_offshore,offshore_a,avaConv,d090,0.66126192675
wind_offshore,offshore_a,avaConv,d091,0.25587721370833333
wind_offshore,offshore_a,avaConv,d092,0.2149063781666667
wind_offshore,offshore_a,avaConv,d093,0.3598336819583334
wind_offshore,offshore_a,avaConv,d094,0.3569262830833333
wind_offshore,offshore_a,avaConv,d095,0.4897639609583333
wind_offshore,offshore_a,avaConv,d096,0.3742892785
wind_offshore,offshore_a,avaConv,d097,0.7401661279166666
wind_offshore,offshore_a,avaConv,d098,0.8018505690416666
wind_offshore,offshore_a,avaConv,d099,0.27252985674999997
wind_offshore,offshore_a,avaConv,d100,0.31236901545833334
wind_offshore,offshore_a,avaConv,d101,0.53990927325
wind_offshore,offshore_a,avaConv,d102,0.7633362486666665
wind_offshore,offshore_a,avaConv,d103,0.4736086799166666
wind_offshore,offshore_a,avaConv,d104,0.12746117366666668
wind_offshore,offshore_a,avaConv,d105,0.08273742016666667
wind_offshore,offshore_a,avaConv,d106,0.13094839620833335
wind_offshore,offshore_a,avaConv,d107,0.5568167612083332
wind_offshore,offshore_a,avaConv,d108,0.6626582649166667
wind_offshore,offshore_a,avaConv,d109,0.7459414623333336
wind_offshore,offshore_a,avaConv,d110,0.7455733674583332
wind_offshore,offshore_a,avaConv,d111,0.3785473930416667
wind_offshore,offshore_a,avaConv,d112,0.304759448875
wind_offshore,offshore_a,avaConv,d113,0.49794076258333336
wind_offshore,offshore_a,avaConv,d114,0.50765174025
wind_offshore,offshore_a,avaConv,d115,0.33450518525000006
wind_offshore,offshore_a,avaConv,d116,0.3517959310416667
wind_offshore,offshore_a,avaConv,d117,0.29222383291666665
wind_offshore,offshore_a,avaConv,d118,0.6182445359166666
wind_offshore,offshore_a,avaConv,d119,0.31485954591666665
wind_offshore,offshore_a,avaConv,d120,0.7609746308750002
wind_offshore,offshore_a,avaConv,d121,0.423934871125
wind_offshore,offshore_a,avaConv,d122,0.07177338875
wind_offshore,offshore_a,avaConv,d123,0.4320554700000001
wind_offshore,offshore_a,avaConv,d124,0.42209069075
wind_offshore,offshore_a,avaConv,d125,0.14175935966666667
wind_offshore,offshore_a,avaConv,d126,0.3856100923333334
wind_offshore,offshore_a,avaConv,d127,0.6418362883333334
wind_offshore,offshore_a,avaConv,d128,0.6847343629583335
wind_offshore,offshore_a,avaConv,d129,0.7168477190000001
wind_offshore,offshore_a,avaConv,d130,0.7032528133749999
wind_offshore,offshore_a,avaConv,d131,0.6431693575
wind_offshore,offshore_a,avaConv,d132,0.7236575006666666
wind_offshore,offshore_a,avaConv,d133,0.5997637297083334
wind_offshore,offshore_a,avaConv,d134,0.48361698466666664
wind_offshore,offshore_a,avaConv,d135,0.7248282541249997
wind_offshore,offshore_a,avaConv,d136,0.72452816975
wind_offshore,offshore_a,avaConv,d137,0.533925994375
wind_offshore,offshore_a,avaConv,d138,0.4034479683333334
wind_offshore,offshore_a,avaConv,d139,0.23888616649999994
wind_offshore,offshore_a,avaConv,d140,0.13676603391666667
wind_offshore,offshore_a,avaConv,d141,0.4640112299166667
wind_offshore,offshore_a,avaConv,d142,0.41578440325
wind_offshore,offshore_a,avaConv,d143,0.3142741534166667
wind_offshore,offshore_a,avaConv,d144,0.4601926090000001
wind_offshore,offshore_a,avaConv,d145,0.4569547639166667
wind_offshore,offshore_a,avaConv,d146,0.07829943233333332
wind_offshore,offshore_a,avaConv,d147,0.05877133504166666
wind_offshore,offshore_a,avaConv,d148,0.12042319350000001
wind_offshore,offshore_a,avaConv,d149,0.3034520775416667
wind_offshore,offshore_a,avaConv,d150,0.5279817863749999
wind_offshore,offshore_a,avaConv,d151,0.7290465989583335
wind_offshore,offshore_a,avaConv,d152,0.4899643355416667
wind_offshore,offshore_a,avaConv,d153,0.6654629991666668
wind_offshore,offshore_a,avaConv,d154,0.6266657633749999
wind_offshore,offshore_a,avaConv,d155,0.30498131558333336
wind_offshore,offshore_a,avaConv,d156,0.16658782966666666
wind_offshore,offshore_a,avaConv,d157,0.22633904329166674
wind_offshore,offshore_a,avaConv,d158,0.1119974637916667
wind_offshore,offshore_a,avaConv,d159,0.13111272183333333
wind_offshore,offshore_a,avaConv,d160,0.5613403462083334
wind_offshore,offshore_a,avaConv,d161,0.3555976614583333
wind_offshore,offshore_a,avaConv,d162,0.40324211462500004
wind_offshore,offshore_a,avaConv,d163,0.14568592620833334
wind_offshore,offshore_a,avaConv,d164,0.3845947548333333
wind_offshore,offshore_a,avaConv,d165,0.4819189282083333
wind_offshore,offshore_a,avaConv,d166,0.20516118125000007
wind_offshore,offshore_a,avaConv,d167,0.028801642625000002
wind_offshore,offshore_a,avaConv,d168,0.011811652208333334
wind_offshore,offshore_a,avaConv,d169,0.15711679858333333
wind_offshore,offshore_a,avaConv,d170,0.3935151203333333
wind_offshore,offshore_a,avaConv,d171,0.3561122784999999
wind_offshore,offshore_a,avaConv,d172,0.6188599553333334
wind_offshore,offshore_a,avaConv,d173,0.14578371187499997
wind_offshore,offshore_a,avaConv,d174,0.21926742245833333
wind_offshore,offshore_a,avaConv,d175,0.319765133375
wind_offshore,offshore_a,avaConv,d176,0.2764012342083334
wind_offshore,offshore_a,avaConv,d177,0.15948553970833332
wind_offshore,offshore_a,avaConv,d178,0.3859895030416666
wind_offshore,offshore_a,avaConv,d179,0.4599292590833333
wind_offshore,offshore_a,avaConv,d180,0.213686288375
wind_offshore,offshore_a,avaConv,d181,0.49594344858333334
wind_offshore,offshore_a,avaConv,d182,0.32593490666666664
wind_offshore,offshore_a,avaConv,d183,0.622778101375
wind_offshore,offshore_a,avaConv,d184,0.7072939377083333
wind_offshore,offshore_a,avaConv,d185,0.5786875988750001
wind_offshore,offshore_a,avaConv,d186,0.18691999825000005
wind_offshore,offshore_a,avaConv,d187,0.5790699390833334
wind_offshore,offshore_a,avaConv,d188,0.7201821844166667
wind_offshore,offshore_a,avaConv,d189,0.49688600587500004
wind_offshore,offshore_a,avaConv,d190,0.5200785463333333
wind_offshore,offshore_a,avaConv,d191,0.45651878179166666
wind_offshore,offshore_a,avaConv,d192,0.6375211622500001
wind_offshore,offshore_a,avaConv,d193,0.7359072780000001
wind_offshore,offshore_a,avaConv,d194,0.3829082961249998
wind_offshore,offshore_a,avaConv,d195,0.15175633649999998
wind_offshore,offshore_a,avaConv,d196,0.6697870645
wind_offshore,offshore_a,avaConv,d197,0.6061098410000002
wind_offshore,offshore_a,avaConv,d198,0.4660393516666667
wind_offshore,offshore_a,avaConv,d199,0.2798604607083333
wind_offshore,offshore_a,avaConv,d200,0.29399730533333335
wind_offshore,offshore_a,avaConv,d201,0.1184175205416667
wind_offshore,offshore_a,avaConv,d202,0.52827518575
wind_offshore,offshore_a,avaConv,d203,0.15836402025000001
wind_offshore,offshore_a,avaConv,d204,0.21310985820833328
wind_offshore,offshore_a,avaConv,d205,0.09717791195833332
wind_offshore,offshore_a,avaConv,d206,0.028903568458333334
wind_offshore,offshore_a,avaConv,d207,0.2626721499166667
wind_offshore,offshore_a,avaConv,d208,0.10910607845833335
wind_offshore,offshore_a,avaConv,d209,0.3035457278333333
wind_offshore,offshore_a,avaConv,d210,0.08957527587500001
wind_offshore,offshore_a,avaConv,d211,0.1828709878333333
wind_offshore,offshore_a,avaConv,d212,0.2015848267083333
wind_offshore,offshore_a,avaConv,d213,0.1818183248333333
wind_offshore,offshore_a,avaConv,d214,0.39172369008333346
wind_offshore,offshore_a,avaConv,d215,0.17127974449999997
wind_offshore,offshore_a,avaConv,d216,0.6214861279166667
wind_offshore,offshore_a,avaConv,d217,0.6489510439583334
wind_offshore,offshore_a,avaConv,d218,0.39941634720833336
wind_offshore,offshore_a,avaConv,d219,0.40538280129166676
wind_offshore,offshore_a,avaConv,d220,0.7224613569166668
wind_offshore,offshore_a,avaConv,d221,0.7876773244166668
wind_offshore,offshore_a,avaConv,d222,0.7113156007916666
wind_offshore,offshore_a,avaConv,d223,0.6449678499999997
wind_offshore,offshore_a,avaConv,d224,0.36492660699999996
wind_offshore,offshore_a,avaConv,d225,0.5134937322083334
wind_offshore,offshore_a,avaConv,d226,0.5951410385000001
wind_offshore,offshore_a,avaConv,d227,0.31622253329166666
wind_offshore,offshore_a,avaConv,d228,0.14690504295833334
wind_offshore,offshore_a,avaConv,d229,0.13246174254166668
wind_offshore,offshore_a,avaConv,d230,0.11109936179166664
wind_offshore,offshore_a,avaConv,d231,0.19158914091666668
wind_offshore,offshore_a,avaConv,d232,0.1576504672083333
wind_offshore,offshore_a,avaConv,d233,0.5044535567916665
wind_offshore,offshore_a,avaConv,d234,0.5310655885000001
wind_offshore,offshore_a,avaConv,d235,0.482228770875
wind_offshore,offshore_a,avaConv,d236,0.10921736733333333
wind_offshore,offshore_a,avaConv,d237,0.3257492397499999
wind_offshore,offshore_a,avaConv,d238,0.22732308462500006
wind_offshore,offshore_a,avaConv,d239,0.3129005690416667
wind_offshore,offshore_a,avaConv,d240,0.22320046533333335
wind_offshore,offshore_a,avaConv,d241,0.5366137320833334
wind_offshore,offshore_a,avaConv,d242,0.5309784539999999
wind_offshore,offshore_a,avaConv,d243,0.3107046059583334
wind_offshore,offshore_a,avaConv,d244,0.183283744625
wind_offshore,offshore_a,avaConv,d245,0.25601346383333334
wind_offshore,offshore_a,avaConv,d246,0.5033084682916666
wind_offshore,offshore_a,avaConv,d247,0.250266351125
wind_offshore,offshore_a,avaConv,d248,0.3477545845
wind_offshore,offshore_a,avaConv,d249,0.13575005308333332
wind_offshore,offshore_a,avaConv,d250,0.21095209491666658
wind_offshore,offshore_a,avaConv,d251,0.111257905625
wind_offshore,offshore_a,avaConv,d252,0.302277645875
wind_offshore,offshore_a,avaConv,d253,0.21388688933333333
wind_offshore,offshore_a,avaConv,d254,0.3196669464583333
wind_offshore,offshore_a,avaConv,d255,0.2752918020833333
wind_offshore,offshore_a,avaConv,d256,0.23708887679166668
wind_offshore,offshore_a,avaConv,d257,0.40118867166666666
wind_offshore,offshore_a,avaConv,d258,0.5914694943333333
wind_offshore,offshore_a,avaConv,d259,0.6092913265
wind_offshore,offshore_a,avaConv,d260,0.28249786354166667
wind_offshore,offshore_a,avaConv,d261,0.3303264034166667
wind_offshore,offshore_a,avaConv,d262,0.3360749504583333
wind_offshore,offshore_a,avaConv,d263,0.09061803645833333
wind_offshore,offshore_a,avaConv,d264,0.11144494241666665
wind_offshore,offshore_a,avaConv,d265,0.1015497245
wind_offshore,offshore_a,avaConv,d266,0.18720746295833335
wind_offshore,offshore_a,avaConv,d267,0.26190352325
wind_offshore,offshore_a,avaConv,d268,0.3740566583333333
wind_offshore,offshore_a,avaConv,d269,0.5445631039583333
wind_offshore,offshore_a,avaConv,d270,0.08914705975000002
wind_offshore,offshore_a,avaConv,d271,0.42064534466666664
wind_offshore,offshore_a,avaConv,d272,0.8023031650833334
wind_offshore,offshore_a,avaConv,d273,0.8073728082916666
wind_offshore,offshore_a,avaConv,d274,0.7148111249166668
wind_offshore,offshore_a,avaConv,d275,0.20960365016666668
wind_offshore,offshore_a,avaConv,d276,0.23066533195833339
wind_offshore,offshore_a,avaConv,d277,0.6082907368333332
wind_offshore,offshore_a,avaConv,d278,0.6876356942916667
wind_offshore,offshore_a,avaConv,d279,0.6866210441666666
wind_offshore,offshore_a,avaConv,d280,0.6946738462083334
wind_offshore,offshore_a,avaConv,d281,0.5151620156666666
wind_offshore,offshore_a,avaConv,d282,0.45704584854166663
wind_offshore,offshore_a,avaConv,d283,0.37379258075
wind_offshore,offshore_a,avaConv,d284,0.2972597409583333
wind_offshore,offshore_a,avaConv,d285,0.7387231898750001
wind_offshore,offshore_a,avaConv,d286,0.7544607558750002
wind_offshore,offshore_a,avaConv,d287,0.7361393194583336
wind_offshore,offshore_a,avaConv,d288,0.8047642620833334
wind_offshore,offshore_a,avaConv,d289,0.6127902154583332
wind_offshore,offshore_a,avaConv,d290,0.4871337363333333
wind_offshore,offshore_a,avaConv,d291,0.41083139433333343
wind_offshore,offshore_a,avaConv,d292,0.5190598700000001
wind_offshore,offshore_a,avaConv,d293,0.31694895124999994
wind_offshore,offshore_a,avaConv,d294,0.6624798359583333
wind_offshore,offshore_a,avaConv,d295,0.6789892067083335
wind_offshore,offshore_a,avaConv,d296,0.4872293773750001
wind_offshore,offshore_a,avaConv,d297,0.32262124400000003
wind_offshore,offshore_a,avaConv,d298,0.4756841676666666
wind_offshore,offshore_a,avaConv,d299,0.12053599074999997
wind_offshore,offshore_a,avaConv,d300,0.48091054950000006
wind_offshore,offshore_a,avaConv,d301,0.6977528006666666
wind_offshore,offshore_a,avaConv,d302,0.7618877677083334
wind_offshore,offshore_a,avaConv,d303,0.6015989539166668
wind_offshore,offshore_a,avaConv,d304,0.15498050183333337
wind_offshore,offshore_a,avaConv,d305,0.19105052633333333
wind_offshore,offshore_a,avaConv,d306,0.7472408418333333
wind_offshore,offshore_a,avaConv,d307,0.6320398437083333
wind_offshore,offshore_a,avaConv,d308,0.34602232245833325
wind_offshore,offshore_a,avaConv,d309,0.6434786734583333
wind_offshore,offshore_a,avaConv,d310,0.346564408875
wind_offshore,offshore_a,avaConv,d311,0.4919377984166667
wind_offshore,offshore_a,avaConv,d312,0.6204459059583333
wind_offshore,offshore_a,avaConv,d313,0.29398125033333333
wind_offshore,offshore_a,avaConv,d314,0.2612928338750001
wind_offshore,offshore_a,avaConv,d315,0.319682671875
wind_offshore,offshore_a,avaConv,d316,0.30544575874999996
wind_offshore,offshore_a,avaConv,d317,0.6244369723333334
wind_offshore,offshore_a,avaConv,d318,0.46194089120833337
wind_offshore,offshore_a,avaConv,d319,0.723033203625
wind_offshore,offshore_a,avaConv,d320,0.5625909865000002
wind_offshore,offshore_a,avaConv,d321,0.6474017828333334
wind_offshore,offshore_a,avaConv,d322,0.7543414869583334
wind_offshore,offshore_a,avaConv,d323,0.7752001202083335
wind_offshore,offshore_a,avaConv,d324,0.7679900713749999
wind_offshore,offshore_a,avaConv,d325,0.7636414163333335
wind_offshore,offshore_a,avaConv,d326,0.5618361814583331
wind_offshore,offshore_a,avaConv,d327,0.6895509080833334
wind_offshore,offshore_a,avaConv,d328,0.2726238694166666
wind_offshore,offshore_a,avaConv,d329,0.31372038504166666
wind_offshore,offshore_a,avaConv,d330,0.12323225091666666
wind_offshore,offshore_a,avaConv,d331,0.5564587911666666
wind_offshore,offshore_a,avaConv,d332,0.58287544125
wind_offshore,offshore_a,avaConv,d333,0.35900284320833337
wind_offshore,offshore_a,avaConv,d334,0.5696819512083334
wind_offshore,offshore_a,avaConv,d335,0.807118326875
wind_offshore,offshore_a,avaConv,d336,0.8032556806666666
wind_offshore,offshore_a,avaConv,d337,0.5616752269166667
wind_offshore,offshore_a,avaConv,d338,0.1568997587916667
wind_offshore,offshore_a,avaConv,d339,0.13144502762500002
wind_offshore,offshore_a,avaConv,d340,0.24895606949999996
wind_offshore,offshore_a,avaConv,d341,0.23508066841666667
wind_offshore,offshore_a,avaConv,d342,0.667146432
wind_offshore,offshore_a,avaConv,d343,0.5889598769166666
wind_offshore,offshore_a,avaConv,d344,0.6914786368333333
wind_offshore,offshore_a,avaConv,d345,0.5806832605833332
wind_offshore,offshore_a,avaConv,d346,0.7099254289166667
wind_offshore,offshore_a,avaConv,d347,0.265279543625
wind_offshore,offshore_a,avaConv,d348,0.2851621355833333
wind_offshore,offshore_a,avaConv,d349,0.261811961
wind_offshore,offshore_a,avaConv,d350,0.5587752585416667
wind_offshore,offshore_a,avaConv,d351,0.2878462421666666
wind_offshore,offshore_a,avaConv,d352,0.333981533625
wind_offshore,offshore_a,avaConv,d353,0.23023350520833338
wind_offshore,offshore_a,avaConv,d354,0.13860733579166665
wind_offshore,offshore_a,avaConv,d355,0.37111299258333336
wind_offshore,offshore_a,avaConv,d356,0.7620533336666667
wind_offshore,offshore_a,avaConv,d357,0.7138313851250001
wind_offshore,offshore_a,avaConv,d358,0.7871161324166663
wind_offshore,offshore_a,avaConv,d359,0.7640640084166668
wind_offshore,offshore_a,avaConv,d360,0.7398657106666665
wind_offshore,offshore_a,avaConv,d361,0.6243846426666667
wind_offshore,offshore_a,avaConv,d362,0.692935007125
wind_offshore,offshore_a,avaConv,d363,0.3629544430416667
wind_offshore,offshore_a,avaConv,d364,0.6596126729583333
wind_offshore,offshore_a,avaConv,d365,0.7255288692083335
wind_offshore,offshore_b,avaConv,d001,0.03196990216666667
wind_offshore,offshore_b,avaConv,d002,0.58432976575
wind_offshore,offshore_b,avaConv,d003,0.46989089762499997
wind_offshore,offshore_b,avaConv,d004,0.5041850622916665
wind_offshore,offshore_b,avaConv,d005,0.4435406122500001
wind_offshore,offshore_b,avaConv,d006,0.44784684754166665
wind_offshore,offshore_b,avaConv,d007,0.5245255402083334
wind_offshore,offshore_b,avaConv,d008,0.17196508062499993
wind_offshore,offshore_b,avaConv,d009,0.053066972750000004
wind_offshore,offshore_b,avaConv,d010,0.3675591570416667
wind_offshore,offshore_b,avaConv,d011,0.012953472916666667
wind_offshore,offshore_b,avaConv,d012,0.006481956499999999
wind_offshore,offshore_b,avaConv,d013,0.05914437195833334
wind_offshore,offshore_b,avaConv,d014,0.023719954625
wind_offshore,offshore_b,avaConv,d015,0.01342948941666667
wind_offshore,offshore_b,avaConv,d016,0.067093369375
wind_offshore,offshore_b,avaConv,d017,0.041882138291666676
wind_offshore,offshore_b,avaConv,d018,0.04445874333333333
wind_offshore,offshore_b,avaConv,d019,0.099343419125
wind_offshore,offshore_b,avaConv,d020,0.0008711385416666668
wind_offshore,offshore_b,avaConv,d021,0.0023383018333333334
wind_offshore,offshore_b,avaConv,d022,0.193450499375
wind_offshore,offshore_b,avaConv,d023,0.06125466945833335
wind_offshore,offshore_b,avaConv,d024,0.3071487175
wind_offshore,offshore_b,avaConv,d025,0.3035008514583334
wind_offshore,offshore_b,avaConv,d026,0.48287457783333326
wind_offshore,offshore_b,avaConv,d027,0.33091241170833324
wind_offshore,offshore_b,avaConv,d028,0.55840121325
wind_offshore,offshore_b,avaConv,d029,0.5536578696249999
wind_offshore,offshore_b,avaConv,d030,0.5724328036666666
wind_offshore,offshore_b,avaConv,d031,0.479985112375
wind_offshore,offshore_b,avaConv,d032,0.39157180279166665
wind_offshore,offshore_b,avaConv,d033,0.17106438954166667
wind_offshore,offshore_b,avaConv,d034,0.4548441670416667
wind_offshore,offshore_b,avaConv,d035,0.09904105379166665
wind_offshore,offshore_b,avaConv,d036,0.20095829583333333
wind_offshore,offshore_b,avaConv,d037,0.5293164673333333
wind_offshore,offshore_b,avaConv,d038,0.611333242875
wind_offshore,offshore_b,avaConv,d039,0.5837184836666666
wind_offshore,offshore_b,avaConv,d040,0.32742600391666665
wind_offshore,offshore_b,avaConv,d041,0.027328660041666675
wind_offshore,offshore_b,avaConv,d042,0.020002510125
wind_offshore,offshore_b,avaConv,d043,0.00010034508333333335
wind_offshore,offshore_b,avaConv,d044,0.10319614795833333
wind_offshore,offshore_b,avaConv,d045,0.6175512690416668
wind_offshore,offshore_b,avaConv,d046,0.18322069658333331
wind_offshore,offshore_b,avaConv,d047,0.012262501041666665
wind_offshore,offshore_b,avaConv,d048,0.11940474158333335
wind_offshore,offshore_b,avaConv,d049,0.012962763208333332
wind_offshore,offshore_b,avaConv,d050,0.14657132312499999
wind_offshore,offshore_b,avaConv,d051,0.7347241310833333
wind_offshore,offshore_b,avaConv,d052,0.36214102
wind_offshore,offshore_b,avaConv,d053,0.5811523220833333
wind_offshore,offshore_b,avaConv,d054,0.37827371925000003
wind_offshore,offshore_b,avaConv,d055,0.15928959479166668
wind_offshore,offshore_b,avaConv,d056,0.02817137845833333
wind_offshore,offshore_b,avaConv,d057,0.0008136695833333335
wind_offshore,offshore_b,avaConv,d058,0.00010000054166666668
wind_offshore,offshore_b,avaConv,d059,0.00017624179166666665
wind_offshore,offshore_b,avaConv,d060,0.000128882375
wind_offshore,offshore_b,avaConv,d061,0.30042308808333335
wind_offshore,offshore_b,avaConv,d062,0.06261392308333331
wind_offshore,offshore_b,avaConv,d063,0.0010678777083333332
wind_offshore,offshore_b,avaConv,d064,0.09386954245833333
wind_offshore,offshore_b,avaConv,d065,0.0011775303333333334
wind_offshore,offshore_b,avaConv,d066,0.00029947479166666667
wind_offshore,offshore_b,avaConv,d067,0.00015640733333333336
wind_offshore,offshore_b,avaConv,d068,0.004987519416666667
wind_offshore,offshore_b,avaConv,d069,0.052828954291666674
wind_offshore,offshore_b,avaConv,d070,0.0016696749999999996
wind_offshore,offshore_b,avaConv,d071,0.00012294566666666662
wind_offshore,offshore_b,avaConv,d072,0.00010886766666666667
wind_offshore,offshore_b,avaConv,d073,0.00010101654166666665
wind_offshore,offshore_b,avaConv,d074,0.00010046466666666666
wind_offshore,offshore_b,avaConv,d075,0.001931963375
wind_offshore,offshore_b,avaConv,d076,0.0005123520416666667
wind_offshore,offshore_b,avaConv,d077,0.003173346
wind_offshore,offshore_b,avaConv,d078,0.029970370208333333
wind_offshore,offshore_b,avaConv,d079,0.11442385083333333
wind_offshore,offshore_b,avaConv,d080,0.18435377595833333
wind_offshore,offshore_b,avaConv,d081,0.2686686372083334
wind_offshore,offshore_b,avaConv,d082,0.015439571624999997
wind_offshore,offshore_b,avaConv,d083,0.005099668458333332
wind_offshore,offshore_b,avaConv,d084,0.0013172522916666668
wind_offshore,offshore_b,avaConv,d085,0.009836116458333335
wind_offshore,offshore_b,avaConv,d086,0.18022874308333328
wind_offshore,offshore_b,avaConv,d087,0.3125997225833334
wind_offshore,offshore_b,avaConv,d088,0.4840348323333333
wind_offshore,offshore_b,avaConv,d089,0.1276839470833333
wind_offshore,offshore_b,avaConv,d090,0.2443276640416667
wind_offshore,offshore_b,avaConv,d091,0.000429628875
wind_offshore,offshore_b,avaConv,d092,0.004831606666666666
wind_offshore,offshore_b,avaConv,d093,0.011781237500000001
wind_offshore,offshore_b,avaConv,d094,0.016838972750000004
wind_offshore,offshore_b,avaConv,d095,0.02460276629166667
wind_offshore,offshore_b,avaConv,d096,0.02148743591666667
wind_offshore,offshore_b,avaConv,d097,0.25573819329166664
wind_offshore,offshore_b,avaConv,d098,0.5111520184166668
wind_offshore,offshore_b,avaConv,d099,0.000818428875
wind_offshore,offshore_b,avaConv,d100,0.026246446833333336
wind_offshore,offshore_b,avaConv,d101,0.10005372274999998
wind_offshore,offshore_b,avaConv,d102,0.3254449915416666
wind_offshore,offshore_b,avaConv,d103,0.12313296495833333
wind_offshore,offshore_b,avaConv,d104,0.00010264825000000001
wind_offshore,offshore_b,avaConv,d105,0.00010014204166666665
wind_offshore,offshore_b,avaConv,d106,0.00010149504166666666
wind_offshore,offshore_b,avaConv,d107,0.0676049565
wind_offshore,offshore_b,avaConv,d108,0.08660026291666666
wind_offshore,offshore_b,avaConv,d109,0.2212179180416667
wind_offshore,offshore_b,avaConv,d110,0.21734457799999995
wind_offshore,offshore_b,avaConv,d111,0.016061617791666667
wind_offshore,offshore_b,avaConv,d112,0.0038791283333333335
wind_offshore,offshore_b,avaConv,d113,0.015669209375000003
wind_offshore,offshore_b,avaConv,d114,0.013763222625
wind_offshore,offshore_b,avaConv,d115,0.0028533358749999985
wind_offshore,offshore_b,avaConv,d116,0.002882349166666668
wind_offshore,offshore_b,avaConv,d117,0.0007971341250000001
wind_offshore,offshore_b,avaConv,d118,0.10351854312499999
wind_offshore,offshore_b,avaConv,d119,0.0031966207916666674
wind_offshore,offshore_b,avaConv,d120,0.28734905441666664
wind_offshore,offshore_b,avaConv,d121,0.12924710912499995
wind_offshore,offshore_b,avaConv,d122,0.00010077679166666668
wind_offshore,offshore_b,avaConv,d123,0.016587607416666667
wind_offshore,offshore_b,avaConv,d124,0.008347525541666666
wind_offshore,offshore_b,avaConv,d125,0.00010672449999999998
wind_offshore,offshore_b,avaConv,d126,0.012827782833333334
wind_offshore,offshore_b,avaConv,d127,0.14027757237500002
wind_offshore,offshore_b,avaConv,d128,0.18571630841666667
wind_offshore,offshore_b,avaConv,d129,0.18055720420833332
wind_offshore,offshore_b,avaConv,d130,0.14383313870833334
wind_offshore,offshore_b,avaConv,d131,0.100214376
wind_offshore,offshore_b,avaConv,d132,0.18511338799999996
wind_offshore,offshore_b,avaConv,d133,0.06428405333333333
wind_offshore,offshore_b,avaConv,d134,0.045864002125
wind_offshore,offshore_b,avaConv,d135,0.1722013169166667
wind_offshore,offshore_b,avaConv,d136,0.19219287404166666
wind_offshore,offshore_b,avaConv,d137,0.020699946708333333
wind_offshore,offshore_b,avaConv,d138,0.022339858916666663
wind_offshore,offshore_b,avaConv,d139,0.00026739116666666676
wind_offshore,offshore_b,avaConv,d140,0.00025164966666666664
wind_offshore,offshore_b,avaConv,d141,0.030821187333333333
wind_offshore,offshore_b,avaConv,d142,0.013010964874999996
wind_offshore,offshore_b,avaConv,d143,0.0012075315833333332
wind_offshore,offshore_b,avaConv,d144,0.03395925025
wind_offshore,offshore_b,avaConv,d145,0.026645182291666656
wind_offshore,offshore_b,avaConv,d146,0.00010013558333333334
wind_offshore,offshore_b,avaConv,d147,0.00010001041666666665
wind_offshore,offshore_b,avaConv,d148,0.0001060715
wind_offshore,offshore_b,avaConv,d149,0.001876742791666667
wind_offshore,offshore_b,avaConv,d150,0.06914206591666666
wind_offshore,offshore_b,avaConv,d151,0.2520609561666666
wind_offshore,offshore_b,avaConv,d152,0.04709661683333336
wind_offshore,offshore_b,avaConv,d153,0.11802917291666669
wind_offshore,offshore_b,avaConv,d154,0.075108395
wind_offshore,offshore_b,avaConv,d155,0.0010358514583333333
wind_offshore,offshore_b,avaConv,d156,0.0001320415
wind_offshore,offshore_b,avaConv,d157,0.00014640395833333332
wind_offshore,offshore_b,avaConv,d158,0.00010041958333333333
wind_offshore,offshore_b,avaConv,d159,0.0002236224166666667
wind_offshore,offshore_b,avaConv,d160,0.04190703237499999
wind_offshore,offshore_b,avaConv,d161,0.003529755833333333
wind_offshore,offshore_b,avaConv,d162,0.01392570366666667
wind_offshore,offshore_b,avaConv,d163,0.00014066975000000002
wind_offshore,offshore_b,avaConv,d164,0.0043987000833333335
wind_offshore,offshore_b,avaConv,d165,0.009931597791666668
wind_offshore,offshore_b,avaConv,d166,0.0006496879999999999
wind_offshore,offshore_b,avaConv,d167,8.333470833333335e-5
wind_offshore,offshore_b,avaConv,d168,9.583333333333334e-5
wind_offshore,offshore_b,avaConv,d169,0.00023468962499999997
wind_offshore,offshore_b,avaConv,d170,0.002216081375
wind_offshore,offshore_b,avaConv,d171,0.003609853458333335
wind_offshore,offshore_b,avaConv,d172,0.12304405041666668
wind_offshore,offshore_b,avaConv,d173,0.00010444820833333332
wind_offshore,offshore_b,avaConv,d174,0.000306726
wind_offshore,offshore_b,avaConv,d175,0.0048242705833333325
wind_offshore,offshore_b,avaConv,d176,0.007027499541666666
wind_offshore,offshore_b,avaConv,d177,0.00013392933333333335
wind_offshore,offshore_b,avaConv,d178,0.0035218267916666667
wind_offshore,offshore_b,avaConv,d179,0.01451195175
wind_offshore,offshore_b,avaConv,d180,0.003270517291666667
wind_offshore,offshore_b,avaConv,d181,0.03874912670833333
wind_offshore,offshore_b,avaConv,d182,0.05225784891666666
wind_offshore,offshore_b,avaConv,d183,0.13512850629166664
wind_offshore,offshore_b,avaConv,d184,0.14908776691666667
wind_offshore,offshore_b,avaConv,d185,0.06177762274999999
wind_offshore,offshore_b,avaConv,d186,0.0011628646249999999
wind_offshore,offshore_b,avaConv,d187,0.19875481399999997
wind_offshore,offshore_b,avaConv,d188,0.29347663620833336
wind_offshore,offshore_b,avaConv,d189,0.023035465458333324
wind_offshore,offshore_b,avaConv,d190,0.09179248775
wind_offshore,offshore_b,avaConv,d191,0.027202008583333336
wind_offshore,offshore_b,avaConv,d192,0.09563011716666668
wind_offshore,offshore_b,avaConv,d193,0.2222369498333333
wind_offshore,offshore_b,avaConv,d194,0.023895589458333342
wind_offshore,offshore_b,avaConv,d195,0.0001371432083333333
wind_offshore,offshore_b,avaConv,d196,0.136392931875
wind_offshore,offshore_b,avaConv,d197,0.10738688666666667
wind_offshore,offshore_b,avaConv,d198,0.022332556749999996
wind_offshore,offshore_b,avaConv,d199,0.0005573168333333333
wind_offshore,offshore_b,avaConv,d200,0.0005255012083333333
wind_offshore,offshore_b,avaConv,d201,0.00010319025
wind_offshore,offshore_b,avaConv,d202,0.0475975655
wind_offshore,offshore_b,avaConv,d203,0.00013549820833333334
wind_offshore,offshore_b,avaConv,d204,0.00012984158333333333
wind_offshore,offshore_b,avaConv,d205,0.00010192479166666665
wind_offshore,offshore_b,avaConv,d206,0.00010000045833333331
wind_offshore,offshore_b,avaConv,d207,0.000244698
wind_offshore,offshore_b,avaConv,d208,0.0001032038333333333
wind_offshore,offshore_b,avaConv,d209,0.0024390197499999998
wind_offshore,offshore_b,avaConv,d210,0.00010060104166666668
wind_offshore,offshore_b,avaConv,d211,0.00011746441666666668
wind_offshore,offshore_b,avaConv,d212,0.0003109619583333333
wind_offshore,offshore_b,avaConv,d213,0.000293580125
wind_offshore,offshore_b,avaConv,d214,0.003730827875
wind_offshore,offshore_b,avaConv,d215,0.00013113441666666665
wind_offshore,offshore_b,avaConv,d216,0.11171364441666666
wind_offshore,offshore_b,avaConv,d217,0.0972235785
wind_offshore,offshore_b,avaConv,d218,0.01496793879166667
wind_offshore,offshore_b,avaConv,d219,0.004758932958333332
wind_offshore,offshore_b,avaConv,d220,0.22366896208333328
wind_offshore,offshore_b,avaConv,d221,0.36688710954166665
wind_offshore,offshore_b,avaConv,d222,0.210701084125
wind_offshore,offshore_b,avaConv,d223,0.086917578625
wind_offshore,offshore_b,avaConv,d224,0.004142553291666666
wind_offshore,offshore_b,avaConv,d225,0.10730594083333335
wind_offshore,offshore_b,avaConv,d226,0.09484612491666665
wind_offshore,offshore_b,avaConv,d227,0.0009132610833333335
wind_offshore,offshore_b,avaConv,d228,0.00010458570833333333
wind_offshore,offshore_b,avaConv,d229,0.0001019235833333333
wind_offshore,offshore_b,avaConv,d230,0.00010125050000000002
wind_offshore,offshore_b,avaConv,d231,0.00011818100000000001
wind_offshore,offshore_b,avaConv,d232,0.0003209802083333333
wind_offshore,offshore_b,avaConv,d233,0.014471740333333332
wind_offshore,offshore_b,avaConv,d234,0.04817212470833334
wind_offshore,offshore_b,avaConv,d235,0.013406928958333333
wind_offshore,offshore_b,avaConv,d236,0.00013657470833333332
wind_offshore,offshore_b,avaConv,d237,0.0005312277916666667
wind_offshore,offshore_b,avaConv,d238,0.00013961787500000003
wind_offshore,offshore_b,avaConv,d239,0.003213791166666666
wind_offshore,offshore_b,avaConv,d240,0.015648062166666667
wind_offshore,offshore_b,avaConv,d241,0.04321053533333333
wind_offshore,offshore_b,avaConv,d242,0.02503603162500001
wind_offshore,offshore_b,avaConv,d243,0.0017920130000000003
wind_offshore,offshore_b,avaConv,d244,0.00011141520833333335
wind_offshore,offshore_b,avaConv,d245,0.00029729804166666663
wind_offshore,offshore_b,avaConv,d246,0.020541028458333332
wind_offshore,offshore_b,avaConv,d247,0.0002947067083333334
wind_offshore,offshore_b,avaConv,d248,0.003920867499999999
wind_offshore,offshore_b,avaConv,d249,0.00016988245833333328
wind_offshore,offshore_b,avaConv,d250,0.00012496945833333334
wind_offshore,offshore_b,avaConv,d251,0.00010252870833333336
wind_offshore,offshore_b,avaConv,d252,0.0005426889583333334
wind_offshore,offshore_b,avaConv,d253,0.00017961954166666668
wind_offshore,offshore_b,avaConv,d254,0.002626002875
wind_offshore,offshore_b,avaConv,d255,0.019119964874999996
wind_offshore,offshore_b,avaConv,d256,0.00026925712499999995
wind_offshore,offshore_b,avaConv,d257,0.03198836595833333
wind_offshore,offshore_b,avaConv,d258,0.062335597875
wind_offshore,offshore_b,avaConv,d259,0.05479981804166667
wind_offshore,offshore_b,avaConv,d260,0.0009482391666666665
wind_offshore,offshore_b,avaConv,d261,0.0017658429166666665
wind_offshore,offshore_b,avaConv,d262,0.0015799161666666664
wind_offshore,offshore_b,avaConv,d263,0.00010014033333333335
wind_offshore,offshore_b,avaConv,d264,0.000100301
wind_offshore,offshore_b,avaConv,d265,0.000101588125
wind_offshore,offshore_b,avaConv,d266,0.000165272375
wind_offshore,offshore_b,avaConv,d267,0.0004443235416666667
wind_offshore,offshore_b,avaConv,d268,0.0042271783750000005
wind_offshore,offshore_b,avaConv,d269,0.041126010041666675
wind_offshore,offshore_b,avaConv,d270,0.00010371166666666668
wind_offshore,offshore_b,avaConv,d271,0.08283662895833334
wind_offshore,offshore_b,avaConv,d272,0.3727345481666668
wind_offshore,offshore_b,avaConv,d273,0.38938773274999994
wind_offshore,offshore_b,avaConv,d274,0.19200235829166665
wind_offshore,offshore_b,avaConv,d275,0.00016977583333333335
wind_offshore,offshore_b,avaConv,d276,0.00036129662500000015
wind_offshore,offshore_b,avaConv,d277,0.162793888625
wind_offshore,offshore_b,avaConv,d278,0.14340536329166664
wind_offshore,offshore_b,avaConv,d279,0.13545808300000003
wind_offshore,offshore_b,avaConv,d280,0.1528164857083333
wind_offshore,offshore_b,avaConv,d281,0.015818858958333338
wind_offshore,offshore_b,avaConv,d282,0.008835583791666669
wind_offshore,offshore_b,avaConv,d283,0.004688433708333333
wind_offshore,offshore_b,avaConv,d284,0.002868315958333334
wind_offshore,offshore_b,avaConv,d285,0.23155039366666663
wind_offshore,offshore_b,avaConv,d286,0.26050030929166673
wind_offshore,offshore_b,avaConv,d287,0.21269976666666665
wind_offshore,offshore_b,avaConv,d288,0.37963512162499996
wind_offshore,offshore_b,avaConv,d289,0.15894855662499996
wind_offshore,offshore_b,avaConv,d290,0.043659060125
wind_offshore,offshore_b,avaConv,d291,0.010600446624999997
wind_offshore,offshore_b,avaConv,d292,0.047329625333333326
wind_offshore,offshore_b,avaConv,d293,0.022148995
wind_offshore,offshore_b,avaConv,d294,0.16412427341666672
wind_offshore,offshore_b,avaConv,d295,0.20644859716666664
wind_offshore,offshore_b,avaConv,d296,0.028231007791666665
wind_offshore,offshore_b,avaConv,d297,0.004122471666666666
wind_offshore,offshore_b,avaConv,d298,0.010131399000000001
wind_offshore,offshore_b,avaConv,d299,0.00011564654166666661
wind_offshore,offshore_b,avaConv,d300,0.09491757425000001
wind_offshore,offshore_b,avaConv,d301,0.35365118033333337
wind_offshore,offshore_b,avaConv,d302,0.3734005290833333
wind_offshore,offshore_b,avaConv,d303,0.06961419349999999
wind_offshore,offshore_b,avaConv,d304,0.000211638625
wind_offshore,offshore_b,avaConv,d305,0.002609924916666667
wind_offshore,offshore_b,avaConv,d306,0.43629083108333333
wind_offshore,offshore_b,avaConv,d307,0.36123298925000014
wind_offshore,offshore_b,avaConv,d308,0.025034207916666672
wind_offshore,offshore_b,avaConv,d309,0.11043505874999998
wind_offshore,offshore_b,avaConv,d310,0.0011215685833333331
wind_offshore,offshore_b,avaConv,d311,0.25086833329166663
wind_offshore,offshore_b,avaConv,d312,0.19799263049999993
wind_offshore,offshore_b,avaConv,d313,0.0006806946666666667
wind_offshore,offshore_b,avaConv,d314,0.0004782097083333333
wind_offshore,offshore_b,avaConv,d315,0.008625373541666667
wind_offshore,offshore_b,avaConv,d316,0.003769013666666666
wind_offshore,offshore_b,avaConv,d317,0.11425419904166666
wind_offshore,offshore_b,avaConv,d318,0.02274763216666667
wind_offshore,offshore_b,avaConv,d319,0.27187125325
wind_offshore,offshore_b,avaConv,d320,0.07890508529166666
wind_offshore,offshore_b,avaConv,d321,0.1645414615416667
wind_offshore,offshore_b,avaConv,d322,0.25497064975
wind_offshore,offshore_b,avaConv,d323,0.3030004225416667
wind_offshore,offshore_b,avaConv,d324,0.26744908895833336
wind_offshore,offshore_b,avaConv,d325,0.27385415504166666
wind_offshore,offshore_b,avaConv,d326,0.09681070608333332
wind_offshore,offshore_b,avaConv,d327,0.12186602845833334
wind_offshore,offshore_b,avaConv,d328,0.0016981430000000003
wind_offshore,offshore_b,avaConv,d329,0.0008358903333333334
wind_offshore,offshore_b,avaConv,d330,0.00010088358333333333
wind_offshore,offshore_b,avaConv,d331,0.09424805237499999
wind_offshore,offshore_b,avaConv,d332,0.13042948108333335
wind_offshore,offshore_b,avaConv,d333,0.027272296041666658
wind_offshore,offshore_b,avaConv,d334,0.13444697208333334
wind_offshore,offshore_b,avaConv,d335,0.394128584
wind_offshore,offshore_b,avaConv,d336,0.38318889645833326
wind_offshore,offshore_b,avaConv,d337,0.11115454591666667
wind_offshore,offshore_b,avaConv,d338,0.00010908141666666665
wind_offshore,offshore_b,avaConv,d339,0.00010183887500000001
wind_offshore,offshore_b,avaConv,d340,0.00017985799999999997
wind_offshore,offshore_b,avaConv,d341,0.006913215583333333
wind_offshore,offshore_b,avaConv,d342,0.16178230995833334
wind_offshore,offshore_b,avaConv,d343,0.064373025125
wind_offshore,offshore_b,avaConv,d344,0.17775322975
wind_offshore,offshore_b,avaConv,d345,0.1400166042083333
wind_offshore,offshore_b,avaConv,d346,0.265408572875
wind_offshore,offshore_b,avaConv,d347,0.0030859190416666657
wind_offshore,offshore_b,avaConv,d348,0.0003315022083333334
wind_offshore,offshore_b,avaConv,d349,0.00037703199999999996
wind_offshore,offshore_b,avaConv,d350,0.04443415975000001
wind_offshore,offshore_b,avaConv,d351,0.002135720166666666
wind_offshore,offshore_b,avaConv,d352,0.028458743541666665
wind_offshore,offshore_b,avaConv,d353,0.024765799541666664
wind_offshore,offshore_b,avaConv,d354,0.00010149341666666665
wind_offshore,offshore_b,avaConv,d355,0.015301181541666667
wind_offshore,offshore_b,avaConv,d356,0.28776281345833327
wind_offshore,offshore_b,avaConv,d357,0.22828760933333336
wind_offshore,offshore_b,avaConv,d358,0.3595051728333334
wind_offshore,offshore_b,avaConv,d359,0.26503885575
wind_offshore,offshore_b,avaConv,d360,0.2014715846666667
wind_offshore,offshore_b,avaConv,d361,0.08184370004166668
wind_offshore,offshore_b,avaConv,d362,0.14046522533333336
wind_offshore,offshore_b,avaConv,d363,0.0050662912499999995
wind_offshore,offshore_b,avaConv,d364,0.10851071879166667
wind_offshore,offshore_b,avaConv,d365,0.25829700470833333
wind_offshore,offshore_c,avaConv,d001,0.000756277666666666
wind_offshore,offshore_c,avaConv,d002,0.23026659041666672
wind_offshore,offshore_c,avaConv,d003,0.10545577916666667
wind_offshore,offshore_c,avaConv,d004,0.1286781125
wind_offshore,offshore_c,avaConv,d005,0.0910738625
wind_offshore,offshore_c,avaConv,d006,0.08719427083333332
wind_offshore,offshore_c,avaConv,d007,0.14879448750000002
wind_offshore,offshore_c,avaConv,d008,0.0151397205
wind_offshore,offshore_c,avaConv,d009,0.0008554869583333333
wind_offshore,offshore_c,avaConv,d010,0.08695167483333334
wind_offshore,offshore_c,avaConv,d011,0.00010213616666666669
wind_offshore,offshore_c,avaConv,d012,0.00010039008333333331
wind_offshore,offshore_c,avaConv,d013,0.004832202958333334
wind_offshore,offshore_c,avaConv,d014,0.00018021795833333338
wind_offshore,offshore_c,avaConv,d015,0.00012829079166666658
wind_offshore,offshore_c,avaConv,d016,0.005743175125
wind_offshore,offshore_c,avaConv,d017,0.0017384647083333357
wind_offshore,offshore_c,avaConv,d018,0.0004020073333333334
wind_offshore,offshore_c,avaConv,d019,0.008311427458333331
wind_offshore,offshore_c,avaConv,d020,0.00010000049999999999
wind_offshore,offshore_c,avaConv,d021,0.00010005416666666672
wind_offshore,offshore_c,avaConv,d022,0.025784682666666666
wind_offshore,offshore_c,avaConv,d023,0.0016496053749999998
wind_offshore,offshore_c,avaConv,d024,0.04753868108333333
wind_offshore,offshore_c,avaConv,d025,0.05280259929166666
wind_offshore,offshore_c,avaConv,d026,0.17070729625
wind_offshore,offshore_c,avaConv,d027,0.07976580229166665
wind_offshore,offshore_c,avaConv,d028,0.2282006458333333
wind_offshore,offshore_c,avaConv,d029,0.24248359891666668
wind_offshore,offshore_c,avaConv,d030,0.2100651604166667
wind_offshore,offshore_c,avaConv,d031,0.22239626008333332
wind_offshore,offshore_c,avaConv,d032,0.14569902650000002
wind_offshore,offshore_c,avaConv,d033,0.017588932666666668
wind_offshore,offshore_c,avaConv,d034,0.114409125
wind_offshore,offshore_c,avaConv,d035,0.009073026041666663
wind_offshore,offshore_c,avaConv,d036,0.020799707958333333
wind_offshore,offshore_c,avaConv,d037,0.1601620291666667
wind_offshore,offshore_c,avaConv,d038,0.25446546249999996
wind_offshore,offshore_c,avaConv,d039,0.23658240416666668
wind_offshore,offshore_c,avaConv,d040,0.13609118320833338
wind_offshore,offshore_c,avaConv,d041,0.00015030029166666667
wind_offshore,offshore_c,avaConv,d042,0.00012401016666666658
wind_offshore,offshore_c,avaConv,d043,9.999999999999999e-5
wind_offshore,offshore_c,avaConv,d044,0.009097765458333334
wind_offshore,offshore_c,avaConv,d045,0.29177119999999995
wind_offshore,offshore_c,avaConv,d046,0.05982513737499998
wind_offshore,offshore_c,avaConv,d047,0.00017889370833333335
wind_offshore,offshore_c,avaConv,d048,0.005204729708333334
wind_offshore,offshore_c,avaConv,d049,0.00010858808333333336
wind_offshore,offshore_c,avaConv,d050,0.03805372741666666
wind_offshore,offshore_c,avaConv,d051,0.48673212500000007
wind_offshore,offshore_c,avaConv,d052,0.15679039274999998
wind_offshore,offshore_c,avaConv,d053,0.23859263499999997
wind_offshore,offshore_c,avaConv,d054,0.09003715916666666
wind_offshore,offshore_c,avaConv,d055,0.0214069745
wind_offshore,offshore_c,avaConv,d056,0.00020445225000000002
wind_offshore,offshore_c,avaConv,d057,0.00010000495833333333
wind_offshore,offshore_c,avaConv,d058,9.999999999999999e-5
wind_offshore,offshore_c,avaConv,d059,9.999999999999999e-5
wind_offshore,offshore_c,avaConv,d060,9.999999999999999e-5
wind_offshore,offshore_c,avaConv,d061,0.059749206375
wind_offshore,offshore_c,avaConv,d062,0.004593186458333335
wind_offshore,offshore_c,avaConv,d063,0.00010001158333333331
wind_offshore,offshore_c,avaConv,d064,0.0029069991666666665
wind_offshore,offshore_c,avaConv,d065,0.00010002666666666666
wind_offshore,offshore_c,avaConv,d066,9.999999999999999e-5
wind_offshore,offshore_c,avaConv,d067,9.999999999999999e-5
wind_offshore,offshore_c,avaConv,d068,0.00010285529166666669
wind_offshore,offshore_c,avaConv,d069,0.0003032132083333333
wind_offshore,offshore_c,avaConv,d070,0.00010000295833333333
wind_offshore,offshore_c,avaConv,d071,9.999999999999999e-5
wind_offshore,offshore_c,avaConv,d072,9.999999999999999e-5
wind_offshore,offshore_c,avaConv,d073,9.999999999999999e-5
wind_offshore,offshore_c,avaConv,d074,9.999999999999999e-5
wind_offshore,offshore_c,avaConv,d075,0.00010002929166666668
wind_offshore,offshore_c,avaConv,d076,0.00010000020833333332
wind_offshore,offshore_c,avaConv,d077,0.00010008937500000004
wind_offshore,offshore_c,avaConv,d078,0.0002508094583333334
wind_offshore,offshore_c,avaConv,d079,0.010063878958333333
wind_offshore,offshore_c,avaConv,d080,0.007618098791666667
wind_offshore,offshore_c,avaConv,d081,0.018908469583333334
wind_offshore,offshore_c,avaConv,d082,0.00011989220833333334
wind_offshore,offshore_c,avaConv,d083,0.00010015362499999997
wind_offshore,offshore_c,avaConv,d084,0.00010002025000000001
wind_offshore,offshore_c,avaConv,d085,0.00010428762499999998
wind_offshore,offshore_c,avaConv,d086,0.040576177625
wind_offshore,offshore_c,avaConv,d087,0.052619252624999995
wind_offshore,offshore_c,avaConv,d088,0.1648322104166666
wind_offshore,offshore_c,avaConv,d089,0.008946475333333334
wind_offshore,offshore_c,avaConv,d090,0.06337093258333333
wind_offshore,offshore_c,avaConv,d091,0.00010000012499999999
wind_offshore,offshore_c,avaConv,d092,0.00010684375000000002
wind_offshore,offshore_c,avaConv,d093,0.00011455741666666664
wind_offshore,offshore_c,avaConv,d094,0.0001358799999999999
wind_offshore,offshore_c,avaConv,d095,0.00012516704166666665
wind_offshore,offshore_c,avaConv,d096,0.0006013684166666667
wind_offshore,offshore_c,avaConv,d097,0.053001740500000005
wind_offshore,offshore_c,avaConv,d098,0.22063826945833329
wind_offshore,offshore_c,avaConv,d099,0.00010000091666666666
wind_offshore,offshore_c,avaConv,d100,0.00043351662500000005
wind_offshore,offshore_c,avaConv,d101,0.0048181225
wind_offshore,offshore_c,avaConv,d102,0.091032258375
wind_offshore,offshore_c,avaConv,d103,0.020230674916666663
wind_offshore,offshore_c,avaConv,d104,9.999999999999999e-5
wind_offshore,offshore_c,avaConv,d105,9.999999999999999e-5
wind_offshore,offshore_c,avaConv,d106,9.999999999999999e-5
wind_offshore,offshore_c,avaConv,d107,0.0012773629166666668
wind_offshore,offshore_c,avaConv,d108,0.0004911798750000001
wind_offshore,offshore_c,avaConv,d109,0.010393641166666669
wind_offshore,offshore_c,avaConv,d110,0.009139180375
wind_offshore,offshore_c,avaConv,d111,0.00012061766666666663
wind_offshore,offshore_c,avaConv,d112,0.00010075479166666672
wind_offshore,offshore_c,avaConv,d113,0.00011039729166666667
wind_offshore,offshore_c,avaConv,d114,0.00010206733333333337
wind_offshore,offshore_c,avaConv,d115,0.00010012287499999999
wind_offshore,offshore_c,avaConv,d116,0.00010009266666666666
wind_offshore,offshore_c,avaConv,d117,0.00010000108333333334
wind_offshore,offshore_c,avaConv,d118,0.004990219583333333
wind_offshore,offshore_c,avaConv,d119,0.00010012270833333335
wind_offshore,offshore_c,avaConv,d120,0.03448992875
wind_offshore,offshore_c,avaConv,d121,0.024984028374999984
wind_offshore,offshore_c,avaConv,d122,9.999999999999999e-5
wind_offshore,offshore_c,avaConv,d123,0.00017879337500000003
wind_offshore,offshore_c,avaConv,d124,0.00011067741666666665
wind_offshore,offshore_c,avaConv,d125,9.999999999999999e-5
wind_offshore,offshore_c,avaConv,d126,0.0001442800416666667
wind_offshore,offshore_c,avaConv,d127,0.0118347325
wind_offshore,offshore_c,avaConv,d128,0.017732442958333334
wind_offshore,offshore_c,avaConv,d129,0.009339194833333331
wind_offshore,offshore_c,avaConv,d130,0.0028991218333333335
wind_offshore,offshore_c,avaConv,d131,0.0023047829583333337
wind_offshore,offshore_c,avaConv,d132,0.008290880958333335
wind_offshore,offshore_c,avaConv,d133,0.0009927664166666662
wind_offshore,offshore_c,avaConv,d134,0.000449989875
wind_offshore,offshore_c,avaConv,d135,0.004059038333333333
wind_offshore,offshore_c,avaConv,d136,0.008417958166666668
wind_offshore,offshore_c,avaConv,d137,0.00011914154166666667
wind_offshore,offshore_c,avaConv,d138,0.0002004890833333334
wind_offshore,offshore_c,avaConv,d139,9.999999999999999e-5
wind_offshore,offshore_c,avaConv,d140,0.00010000008333333333
wind_offshore,offshore_c,avaConv,d141,0.00026823075000000015
wind_offshore,offshore_c,avaConv,d142,0.00010476237499999998
wind_offshore,offshore_c,avaConv,d143,0.00010000299999999998
wind_offshore,offshore_c,avaConv,d144,0.00025707687500000004
wind_offshore,offshore_c,avaConv,d145,0.00018148666666666666
wind_offshore,offshore_c,avaConv,d146,9.999999999999999e-5
wind_offshore,offshore_c,avaConv,d147,9.999999999999999e-5
wind_offshore,offshore_c,avaConv,d148,9.999999999999999e-5
wind_offshore,offshore_c,avaConv,d149,0.00010003225000000004
wind_offshore,offshore_c,avaConv,d150,0.0030795798333333336
wind_offshore,offshore_c,avaConv,d151,0.04370518016666666
wind_offshore,offshore_c,avaConv,d152,0.0029136310833333336
wind_offshore,offshore_c,avaConv,d153,0.003288018583333333
wind_offshore,offshore_c,avaConv,d154,0.0007356415416666665
wind_offshore,offshore_c,avaConv,d155,0.00010000233333333333
wind_offshore,offshore_c,avaConv,d156,9.999999999999999e-5
wind_offshore,offshore_c,avaConv,d157,9.999999999999999e-5
wind_offshore,offshore_c,avaConv,d158,9.999999999999999e-5
wind_offshore,offshore_c,avaConv,d159,0.00010000008333333333
wind_offshore,offshore_c,avaConv,d160,0.00023566145833333336
wind_offshore,offshore_c,avaConv,d161,0.00010018162500000003
wind_offshore,offshore_c,avaConv,d162,0.00011552499999999995
wind_offshore,offshore_c,avaConv,d163,9.999999999999999e-5
wind_offshore,offshore_c,avaConv,d164,0.00010059362500000001
wind_offshore,offshore_c,avaConv,d165,0.00010067670833333335
wind_offshore,offshore_c,avaConv,d166,0.00010000033333333333
wind_offshore,offshore_c,avaConv,d167,8.333333333333336e-5
wind_offshore,offshore_c,avaConv,d168,9.583333333333334e-5
wind_offshore,offshore_c,avaConv,d169,9.999999999999999e-5
wind_offshore,offshore_c,avaConv,d170,0.00010000729166666668
wind_offshore,offshore_c,avaConv,d171,0.00010017079166666665
wind_offshore,offshore_c,avaConv,d172,0.002932187791666667
wind_offshore,offshore_c,avaConv,d173,9.999999999999999e-5
wind_offshore,offshore_c,avaConv,d174,0.00010000008333333333
wind_offshore,offshore_c,avaConv,d175,0.00010085079166666665
wind_offshore,offshore_c,avaConv,d176,0.00011280149999999996
wind_offshore,offshore_c,avaConv,d177,9.999999999999999e-5
wind_offshore,offshore_c,avaConv,d178,0.00010003183333333333
wind_offshore,offshore_c,avaConv,d179,0.00010885399999999996
wind_offshore,offshore_c,avaConv,d180,0.00010097795833333336
wind_offshore,offshore_c,avaConv,d181,0.0011926887083333335
wind_offshore,offshore_c,avaConv,d182,0.0029057808750000027
wind_offshore,offshore_c,avaConv,d183,0.01281496370833333
wind_offshore,offshore_c,avaConv,d184,0.0036602988333333327
wind_offshore,offshore_c,avaConv,d185,0.0019880617916666677
wind_offshore,offshore_c,avaConv,d186,0.00010001120833333333
wind_offshore,offshore_c,avaConv,d187,0.050792952375
wind_offshore,offshore_c,avaConv,d188,0.08018968370833333
wind_offshore,offshore_c,avaConv,d189,0.00014062791666666664
wind_offshore,offshore_c,avaConv,d190,0.0041387613333333335
wind_offshore,offshore_c,avaConv,d191,0.0003063366666666668
wind_offshore,offshore_c,avaConv,d192,0.0019358005416666667
wind_offshore,offshore_c,avaConv,d193,0.018795968125000003
wind_offshore,offshore_c,avaConv,d194,0.0004577288333333331
wind_offshore,offshore_c,avaConv,d195,9.999999999999999e-5
wind_offshore,offshore_c,avaConv,d196,0.005300692
wind_offshore,offshore_c,avaConv,d197,0.0042958033750000015
wind_offshore,offshore_c,avaConv,d198,0.00013389524999999993
wind_offshore,offshore_c,avaConv,d199,9.999999999999999e-5
wind_offshore,offshore_c,avaConv,d200,0.00010000008333333332
wind_offshore,offshore_c,avaConv,d201,9.999999999999999e-5
wind_offshore,offshore_c,avaConv,d202,0.0007062311249999998
wind_offshore,offshore_c,avaConv,d203,9.999999999999999e-5
wind_offshore,offshore_c,avaConv,d204,9.999999999999999e-5
wind_offshore,offshore_c,avaConv,d205,9.999999999999999e-5
wind_offshore,offshore_c,avaConv,d206,9.999999999999999e-5
wind_offshore,offshore_c,avaConv,d207,9.999999999999999e-5
wind_offshore,offshore_c,avaConv,d208,9.999999999999999e-5
wind_offshore,offshore_c,avaConv,d209,0.00010004358333333332
wind_offshore,offshore_c,avaConv,d210,9.999999999999999e-5
wind_offshore,offshore_c,avaConv,d211,9.999999999999999e-5
wind_offshore,offshore_c,avaConv,d212,0.00010000004166666665
wind_offshore,offshore_c,avaConv,d213,0.00010000004166666668
wind_offshore,offshore_c,avaConv,d214,0.00010017362499999999
wind_offshore,offshore_c,avaConv,d215,9.999999999999999e-5
wind_offshore,offshore_c,avaConv,d216,0.002517666875
wind_offshore,offshore_c,avaConv,d217,0.0011276810416666666
wind_offshore,offshore_c,avaConv,d218,0.00015823016666666667
wind_offshore,offshore_c,avaConv,d219,0.00010026170833333331
wind_offshore,offshore_c,avaConv,d220,0.017516842791666664
wind_offshore,offshore_c,avaConv,d221,0.07127476416666667
wind_offshore,offshore_c,avaConv,d222,0.024337538625000002
wind_offshore,offshore_c,avaConv,d223,0.0010997774999999999
wind_offshore,offshore_c,avaConv,d224,0.00010025754166666664
wind_offshore,offshore_c,avaConv,d225,0.011843011333333334
wind_offshore,offshore_c,avaConv,d226,0.004968992333333334
wind_offshore,offshore_c,avaConv,d227,0.00010000116666666665
wind_offshore,offshore_c,avaConv,d228,9.999999999999999e-5
wind_offshore,offshore_c,avaConv,d229,9.999999999999999e-5
wind_offshore,offshore_c,avaConv,d230,9.999999999999999e-5
wind_offshore,offshore_c,avaConv,d231,9.999999999999999e-5
wind_offshore,offshore_c,avaConv,d232,9.999999999999999e-5
wind_offshore,offshore_c,avaConv,d233,0.00010405120833333336
wind_offshore,offshore_c,avaConv,d234,0.00037411837499999975
wind_offshore,offshore_c,avaConv,d235,0.00010599762499999998
wind_offshore,offshore_c,avaConv,d236,9.999999999999999e-5
wind_offshore,offshore_c,avaConv,d237,9.999999999999999e-5
wind_offshore,offshore_c,avaConv,d238,9.999999999999999e-5
wind_offshore,offshore_c,avaConv,d239,0.00010023254166666665
wind_offshore,offshore_c,avaConv,d240,0.00022493100000000005
wind_offshore,offshore_c,avaConv,d241,0.0006839306249999999
wind_offshore,offshore_c,avaConv,d242,0.00011718470833333328
wind_offshore,offshore_c,avaConv,d243,0.00010001191666666666
wind_offshore,offshore_c,avaConv,d244,9.999999999999999e-5
wind_offshore,offshore_c,avaConv,d245,9.999999999999999e-5
wind_offshore,offshore_c,avaConv,d246,0.00011071145833333334
wind_offshore,offshore_c,avaConv,d247,9.999999999999999e-5
wind_offshore,offshore_c,avaConv,d248,0.00010097087499999999
wind_offshore,offshore_c,avaConv,d249,9.999999999999999e-5
wind_offshore,offshore_c,avaConv,d250,9.999999999999999e-5
wind_offshore,offshore_c,avaConv,d251,9.999999999999999e-5
wind_offshore,offshore_c,avaConv,d252,0.00010000012500000002
wind_offshore,offshore_c,avaConv,d253,9.999999999999999e-5
wind_offshore,offshore_c,avaConv,d254,0.00010038300000000002
wind_offshore,offshore_c,avaConv,d255,0.00019308870833333332
wind_offshore,offshore_c,avaConv,d256,9.999999999999999e-5
wind_offshore,offshore_c,avaConv,d257,0.0003912374583333333
wind_offshore,offshore_c,avaConv,d258,0.0008305015833333333
wind_offshore,offshore_c,avaConv,d259,0.000324769625
wind_offshore,offshore_c,avaConv,d260,0.00010000729166666667
wind_offshore,offshore_c,avaConv,d261,0.00010000858333333335
wind_offshore,offshore_c,avaConv,d262,0.00010000854166666665
wind_offshore,offshore_c,avaConv,d263,9.999999999999999e-5
wind_offshore,offshore_c,avaConv,d264,9.999999999999999e-5
wind_offshore,offshore_c,avaConv,d265,9.999999999999999e-5
wind_offshore,offshore_c,avaConv,d266,9.999999999999999e-5
wind_offshore,offshore_c,avaConv,d267,0.00010000024999999998
wind_offshore,offshore_c,avaConv,d268,0.00010151800000000003
wind_offshore,offshore_c,avaConv,d269,0.00046600554166666646
wind_offshore,offshore_c,avaConv,d270,9.999999999999999e-5
wind_offshore,offshore_c,avaConv,d271,0.0045419344166666665
wind_offshore,offshore_c,avaConv,d272,0.047774937499999996
wind_offshore,offshore_c,avaConv,d273,0.053265925
wind_offshore,offshore_c,avaConv,d274,0.009941164291666669
wind_offshore,offshore_c,avaConv,d275,9.999999999999999e-5
wind_offshore,offshore_c,avaConv,d276,9.999999999999999e-5
wind_offshore,offshore_c,avaConv,d277,0.009935716333333334
wind_offshore,offshore_c,avaConv,d278,0.006221018375000001
wind_offshore,offshore_c,avaConv,d279,0.004319200083333333
wind_offshore,offshore_c,avaConv,d280,0.006932650750000001
wind_offshore,offshore_c,avaConv,d281,0.00010338854166666669
wind_offshore,offshore_c,avaConv,d282,0.00010193362500000001
wind_offshore,offshore_c,avaConv,d283,0.00010022408333333332
wind_offshore,offshore_c,avaConv,d284,0.00010005712500000001
wind_offshore,offshore_c,avaConv,d285,0.020869348541666666
wind_offshore,offshore_c,avaConv,d286,0.02324941720833333
wind_offshore,offshore_c,avaConv,d287,0.0136284895
wind_offshore,offshore_c,avaConv,d288,0.04873730833333333
wind_offshore,offshore_c,avaConv,d289,0.015938129416666665
wind_offshore,offshore_c,avaConv,d290,0.0006678538749999999
wind_offshore,offshore_c,avaConv,d291,0.00010876683333333331
wind_offshore,offshore_c,avaConv,d292,0.0007364758333333331
wind_offshore,offshore_c,avaConv,d293,0.000334788375
wind_offshore,offshore_c,avaConv,d294,0.02221192366666667
wind_offshore,offshore_c,avaConv,d295,0.028583809041666672
wind_offshore,offshore_c,avaConv,d296,0.0001530033333333333
wind_offshore,offshore_c,avaConv,d297,0.00010068891666666667
wind_offshore,offshore_c,avaConv,d298,0.00010100195833333331
wind_offshore,offshore_c,avaConv,d299,9.999999999999999e-5
wind_offshore,offshore_c,avaConv,d300,0.005672261458333334
wind_offshore,offshore_c,avaConv,d301,0.243267396625
wind_offshore,offshore_c,avaConv,d302,0.24607154487499996
wind_offshore,offshore_c,avaConv,d303,0.0007133679583333333
wind_offshore,offshore_c,avaConv,d304,9.999999999999999e-5
wind_offshore,offshore_c,avaConv,d305,0.00010045937500000004
wind_offshore,offshore_c,avaConv,d306,0.293420800875
wind_offshore,offshore_c,avaConv,d307,0.24382690633333326
wind_offshore,offshore_c,avaConv,d308,0.0012005415416666667
wind_offshore,offshore_c,avaConv,d309,0.00477227375
wind_offshore,offshore_c,avaConv,d310,0.0001000005
wind_offshore,offshore_c,avaConv,d311,0.16596527254166668
wind_offshore,offshore_c,avaConv,d312,0.10856148650000001
wind_offshore,offshore_c,avaConv,d313,0.00010000012500000002
wind_offshore,offshore_c,avaConv,d314,0.00010000012499999999
wind_offshore,offshore_c,avaConv,d315,0.00010296454166666669
wind_offshore,offshore_c,avaConv,d316,0.00010034145833333332
wind_offshore,offshore_c,avaConv,d317,0.003289952125
wind_offshore,offshore_c,avaConv,d318,0.00016996633333333326
wind_offshore,offshore_c,avaConv,d319,0.04199344462500001
wind_offshore,offshore_c,avaConv,d320,0.0022208331666666676
wind_offshore,offshore_c,avaConv,d321,0.011238729041666666
wind_offshore,offshore_c,avaConv,d322,0.023217540541666665
wind_offshore,offshore_c,avaConv,d323,0.03185017666666667
wind_offshore,offshore_c,avaConv,d324,0.016393808333333332
wind_offshore,offshore_c,avaConv,d325,0.022649307958333333
wind_offshore,offshore_c,avaConv,d326,0.005074154333333333
wind_offshore,offshore_c,avaConv,d327,0.001645914958333333
wind_offshore,offshore_c,avaConv,d328,0.000100076375
wind_offshore,offshore_c,avaConv,d329,0.00010000174999999999
wind_offshore,offshore_c,avaConv,d330,9.999999999999999e-5
wind_offshore,offshore_c,avaConv,d331,0.007989821458333332
wind_offshore,offshore_c,avaConv,d332,0.021326872166666663
wind_offshore,offshore_c,avaConv,d333,0.00020289862500000007
wind_offshore,offshore_c,avaConv,d334,0.014847624083333335
wind_offshore,offshore_c,avaConv,d335,0.06129950833333333
wind_offshore,offshore_c,avaConv,d336,0.05914247916666667
wind_offshore,offshore_c,avaConv,d337,0.016562491833333335
wind_offshore,offshore_c,avaConv,d338,9.999999999999999e-5
wind_offshore,offshore_c,avaConv,d339,9.999999999999999e-5
wind_offshore,offshore_c,avaConv,d340,9.999999999999999e-5
wind_offshore,offshore_c,avaConv,d341,0.00010519041666666672
wind_offshore,offshore_c,avaConv,d342,0.016468363625
wind_offshore,offshore_c,avaConv,d343,0.000791198875
wind_offshore,offshore_c,avaConv,d344,0.016590906833333332
wind_offshore,offshore_c,avaConv,d345,0.017001362833333332
wind_offshore,offshore_c,avaConv,d346,0.030604587791666665
wind_offshore,offshore_c,avaConv,d347,0.00010257866666666666
wind_offshore,offshore_c,avaConv,d348,0.00010000004166666665
wind_offshore,offshore_c,avaConv,d349,9.999999999999999e-5
wind_offshore,offshore_c,avaConv,d350,0.0003159057916666667
wind_offshore,offshore_c,avaConv,d351,0.00010003820833333333
wind_offshore,offshore_c,avaConv,d352,0.0009064593333333332
wind_offshore,offshore_c,avaConv,d353,0.0005543969166666662
wind_offshore,offshore_c,avaConv,d354,9.999999999999999e-5
wind_offshore,offshore_c,avaConv,d355,0.0002002027916666667
wind_offshore,offshore_c,avaConv,d356,0.03285173966666666
wind_offshore,offshore_c,avaConv,d357,0.03293105725
wind_offshore,offshore_c,avaConv,d358,0.06144776558333334
wind_offshore,offshore_c,avaConv,d359,0.022669137916666665
wind_offshore,offshore_c,avaConv,d360,0.006525892916666667
wind_offshore,offshore_c,avaConv,d361,0.0011066641666666666
wind_offshore,offshore_c,avaConv,d362,0.0031119962083333338
wind_offshore,offshore_c,avaConv,d363,0.00010035837500000001
wind_offshore,offshore_c,avaConv,d364,0.0023289531666666665
wind_offshore,offshore_c,avaConv,d365,0.04268851041666668
